Name,E-mail,Notes,Section 1 - Description,Section 1 - Email,Section 1 - IM,Section 1 - Phone,Section 1 - Mobile,Section 1 - Pager,Section 1 - Fax,Section 1 - Company,Section 1 - Title,Section 1 - Other,Section 1 - Address,Section 2 - Description,Section 2 - Email,Section 2 - IM,Section 2 - Phone,Section 2 - Mobile,Section 2 - Pager,Section 2 - Fax,Section 2 - Company,Section 2 - Title,Section 2 - Other,Section 2 - Address,Section 3 - Description,Section 3 - Email,Section 3 - IM,Section 3 - Phone,Section 3 - Mobile,Section 3 - Pager,Section 3 - Fax,Section 3 - Company,Section 3 - Title,Section 3 - Other,Section 3 - Address
"Les Mottosky","","","Work","","","","","","","","","","","Other","","","","","","","","","","","Personal","","","","","","","","","",""
"Curtis Andreotti","curtis@example.com","","Work","","","","","","","","","","","Other","","","","","","","","","","","Personal","","","","","","","","","",""
"Tim Glen","tim@example.com","","Work","tim@example.com","","","","","","","","","","Other","","","","","","","","","","","Personal","","","","","","","","","",""
"Invalid Email","invalid@notvalid","","Work","","","","","","","","","","","Other","","","","","","","","","","","Personal","","","","","","","","","",""
"Ervin Adem","ervin@example.com","","Work","ervin@example.com","","","","","","","","","","Other","","","","","","","","","","","Personal","","","","","","","","","",""
